Model,Shapiro_Statistic,Shapiro_pvalue,JB_Statistic,JB_pvalue,Shapiro_Normal,JB_Normal
ARIMA,0.6414218272604285,2.431979821164236e-13,4023.5106667136793,0.0,No,No
SARIMA,0.6099420986503111,6.108465844120418e-14,2341.3710088763296,0.0,No,No
SARIMAX,0.9435950162226214,0.0008030511123270645,35.051665008559354,2.4469644091629734e-08,No,No
