,Requirement_MU,Monthly_Festival_Index,Temperature_Mean,IIP_YoY
Requirement_MU,1.0,0.022805706133630164,0.27290555430925784,0.13730752656545742
Monthly_Festival_Index,0.022805706133630164,1.0,0.06901236159053689,0.061627767932214986
Temperature_Mean,0.27290555430925784,0.06901236159053689,1.0,0.0800768415618084
IIP_YoY,0.13730752656545742,0.061627767932214986,0.0800768415618084,1.0
