Test,Test_Statistic,p_value,Stationary
ADF,0.7662881487474741,0.9910720388683802,False
KPSS,1.682922406453112,0.01,False
